Digits,Time
2,4.70569939352572e-06
3,8.249998791143298e-06
4,6.727302388753742e-06
5,9.94900990917813e-05
6,0.00021572109908447602
7,1.6420899191871287e-05
8,2.9213599918875844e-05
9,2.1187399397604167e-05
10,1.6221304123006122
