Number,Time
1,1.4525898505881842e-06
2,1.4510995081056738e-06
3,1.4741689180179189e-06
4,1.7683673003274532e-06
5,1.5978190640453248e-06
6,1.814962322694353e-06
7,2.67324577887646e-06
8,6.364175642374903e-06
9,1.2067381919930792e-05
10,2.158950314171509e-05
11,5.7167826841274895e-05
12,0.00017441684071349705
13,0.0004473928211923016
14,0.0009637726176879368
15,0.0028675277767858157
16,0.006541947393351519
17,0.026179740678764777
18,0.0768122246103303
19,0.15645128374537712
